n_frames,acc,frame_f1_macro,jaccard,edit,f1_10,f1_25,f1_50
1619,0.8307597282273008,0.8121046459100432,0.6961621393873302,75.0,85.71428571428571,85.71428571428571,85.71428571428571
